ContactName,Delete_Contact,Rename_Contact,Comments,Delete_FiveToneCalls,FiveToneCalls-S5CLDLL_5TTELEGRAM,FiveToneCalls-S5CLDLL_5TCALLADD,Delete_MDCCalls,MDCCalls-AU_CALLLSTID,MDCCalls-AU_MDCSYS,MDCCalls-AU_RVRTPERS_Zone,MDCCalls-AU_RVRTPERS,MDCCalls-AU_SPTPLDPL,MDCCalls-AU_CALLTYPE,Delete_QuikCallIICalls,QuikCallIICalls-QU_QCIISYS,QuikCallIICalls-QU_RVRTPERS_Zone,QuikCallIICalls-QU_RVRTPERS,QuikCallIICalls-QU_CALLFORMAT,QuikCallIICalls-QU_TONEATXFRE,QuikCallIICalls-QU_CODEA,QuikCallIICalls-QU_TONEBTXFRE,QuikCallIICalls-QU_CODEB,QuikCallIICalls-QU_STRIPPLDPL,Delete_DigitalCalls,DigitalCalls-DU_CALLLSTID,DigitalCalls-DU_ROUTETYPE,DigitalCalls-DU_CALLPRCDTNEN,DigitalCalls-DU_RINGTYPE,DigitalCalls-DU_TXTMSGALTTNTP,DigitalCalls-DU_CALLTYPE,DigitalCalls-DU_OVCMCALL,Delete_CapacityPlusCalls,CapacityPlusCalls-CAPPLUSUCL_CALLLSTID,CapacityPlusCalls-CAPPLUSUCL_ROUTETYPE,CapacityPlusCalls-CAPPLUSUCL_CALLPRCDTNEN,CapacityPlusCalls-CAPPLUSUCL_RINGTYPE,CapacityPlusCalls-CAPPLUSUCL_TXTMSGALTTNTP,CapacityPlusCalls-CAPPLUSUCL_CALLTYPE,Delete_PhoneCalls,PhoneCalls-PHNUCLELL_CALLID,PhoneCalls-PHNUCLELL_RINGTYPE
Contact Name,Delete_Contact,Rename_Contact,Comments,Delete_FiveToneCalls,Five Tone Calls - Telegram,Five Tone Calls - Address,Delete_MDCCalls,MDC Calls - Call ID (Hex),MDC Calls - MDC System,MDC Calls - Revert Channel Zone,MDC Calls - Revert Channel,MDC Calls - Strip TPL/DPL,MDC Calls - Call Type,Delete_QuikCallIICalls,Quik CallII Calls - Quik-Call II System,Quik CallII Calls - Revert Channel Zone,Quik CallII Calls - Revert Channel,Quik CallII Calls - Call Format,Quik CallII Calls - Tone A Freq (Hz),Quik CallII Calls - Tone A Code,Quik CallII Calls - Tone B Freq (Hz),Quik CallII Calls - Tone B Code,Quik CallII Calls - Strip TPL/DPL,Delete_DigitalCalls,Digital Calls - Call ID,Digital Calls - Route Type,Digital Calls - Call Receive Tone,Digital Calls - Ring Style,Digital Calls - Text Message Alert Tone,Digital Calls - Call Type,Digital Calls - DU_OVCMCALL,Delete_CapacityPlusCalls,Capacity Plus Calls - Call ID,Capacity Plus Calls - Route Type,Capacity Plus Calls - Call Receive Tone,Capacity Plus Calls - Ring Style,Capacity Plus Calls - Text Message Alert Tone,Capacity Plus Calls - Call Type,Delete_PhoneCalls,Phone Calls - Number,Phone Calls - Ring Type
5LZT,False,,,False,,,False,,,,,,,False,,,,,,,,,,False,1025001,,True,No Style,,Private Call,False,False,,,,,,,False,,
5DVS,False,,,False,,,False,,,,,,,False,,,,,,,,,,False,1025002,,True,No Style,,Private Call,False,False,,,,,,,False,,
5ARI,False,,,False,,,False,,,,,,,False,,,,,,,,,,False,1025003,,True,No Style,,Private Call,False,False,,,,,,,False,,
5BSL,False,,,False,,,False,,,,,,,False,,,,,,,,,,False,1025004,,True,No Style,,Private Call,False,False,,,,,,,False,,
6SVX,False,,,False,,,False,,,,,,,False,,,,,,,,,,False,1025005,,True,No Style,,Private Call,False,False,,,,,,,False,,
5ABH,False,,,False,,,False,,,,,,,False,,,,,,,,,,False,1025006,,True,No Style,,Private Call,False,False,,,,,,,False,,
5IIK,False,,,False,,,False,,,,,,,False,,,,,,,,,,False,1025008,,True,No Style,,Private Call,False,False,,,,,,,False,,
5EDT,False,,,False,,,False,,,,,,,False,,,,,,,,,,False,1025010,,True,No Style,,Private Call,False,False,,,,,,,False,,
5NRD,False,,,False,,,False,,,,,,,False,,,,,,,,,,False,1025011,,True,No Style,,Private Call,False,False,,,,,,,False,,
5BAN,False,,,False,,,False,,,,,,,False,,,,,,,,,,False,1025012,,True,No Style,,Private Call,False,False,,,,,,,False,,
5ADV,False,,,False,,,False,,,,,,,False,,,,,,,,,,False,1025013,,True,No Style,,Private Call,False,False,,,,,,,False,,
5AVI,False,,,False,,,False,,,,,,,False,,,,,,,,,,False,1025015,,True,No Style,,Private Call,False,False,,,,,,,False,,
5DVD,False,,,False,,,False,,,,,,,False,,,,,,,,,,False,1025017,,True,No Style,,Private Call,False,False,,,,,,,False,,
5GDL,False,,,False,,,False,,,,,,,False,,,,,,,,,,False,1025020,,True,No Style,,Private Call,False,False,,,,,,,False,,
5OPA,False,,,False,,,False,,,,,,,False,,,,,,,,,,False,1025021,,True,No Style,,Private Call,False,False,,,,,,,False,,
5NIK,False,,,False,,,False,,,,,,,False,,,,,,,,,,False,1025024,,True,No Style,,Private Call,False,False,,,,,,,False,,
5IHN,False,,,False,,,False,,,,,,,False,,,,,,,,,,False,1025025,,True,No Style,,Private Call,False,False,,,,,,,False,,
5ADI,False,,,False,,,False,,,,,,,False,,,,,,,,,,False,1025031,,True,No Style,,Private Call,False,False,,,,,,,False,,
6VRG,False,,,False,,,False,,,,,,,False,,,,,,,,,,False,1025033,,True,No Style,,Private Call,False,False,,,,,,,False,,
6DJW,False,,,False,,,False,,,,,,,False,,,,,,,,,,False,1025034,,True,No Style,,Private Call,False,False,,,,,,,False,,
5CUZ,False,,,False,,,False,,,,,,,False,,,,,,,,,,False,1025035,,True,No Style,,Private Call,False,False,,,,,,,False,,
5ATQ,False,,,False,,,False,,,,,,,False,,,,,,,,,,False,1025036,,True,No Style,,Private Call,False,False,,,,,,,False,,
5IJP,False,,,False,,,False,,,,,,,False,,,,,,,,,,False,1025038,,True,No Style,,Private Call,False,False,,,,,,,False,,
5ADS,False,,,False,,,False,,,,,,,False,,,,,,,,,,False,1025042,,True,No Style,,Private Call,False,False,,,,,,,False,,
5ZNI,False,,,False,,,False,,,,,,,False,,,,,,,,,,False,1025043,,True,No Style,,Private Call,False,False,,,,,,,False,,
5ASP,False,,,False,,,False,,,,,,,False,,,,,,,,,,False,1025045,,True,No Style,,Private Call,False,False,,,,,,,False,,
5ONG,False,,,False,,,False,,,,,,,False,,,,,,,,,,False,1025047,,True,No Style,,Private Call,False,False,,,,,,,False,,
5NTF,False,,,False,,,False,,,,,,,False,,,,,,,,,,False,1025048,,True,No Style,,Private Call,False,False,,,,,,,False,,
5DTZ,False,,,False,,,False,,,,,,,False,,,,,,,,,,False,1025049,,True,No Style,,Private Call,False,False,,,,,,,False,,
5ANM,False,,,False,,,False,,,,,,,False,,,,,,,,,,False,1025052,,True,No Style,,Private Call,False,False,,,,,,,False,,
6HAN,False,,,False,,,False,,,,,,,False,,,,,,,,,,False,1025053,,True,No Style,,Private Call,False,False,,,,,,,False,,
6RRR,False,,,False,,,False,,,,,,,False,,,,,,,,,,False,1025055,,True,No Style,,Private Call,False,False,,,,,,,False,,
6AMN,False,,,False,,,False,,,,,,,False,,,,,,,,,,False,1025056,,True,No Style,,Private Call,False,False,,,,,,,False,,
6BLL,False,,,False,,,False,,,,,,,False,,,,,,,,,,False,1025058,,True,No Style,,Private Call,False,False,,,,,,,False,,
6UNE,False,,,False,,,False,,,,,,,False,,,,,,,,,,False,1025060,,True,No Style,,Private Call,False,False,,,,,,,False,,
6HOY,False,,,False,,,False,,,,,,,False,,,,,,,,,,False,1025061,,True,No Style,,Private Call,False,False,,,,,,,False,,
6AFF,False,,,False,,,False,,,,,,,False,,,,,,,,,,False,1025062,,True,No Style,,Private Call,False,False,,,,,,,False,,
6BPV,False,,,False,,,False,,,,,,,False,,,,,,,,,,False,1025063,,True,No Style,,Private Call,False,False,,,,,,,False,,
6AXC,False,,,False,,,False,,,,,,,False,,,,,,,,,,False,1025064,,True,No Style,,Private Call,False,False,,,,,,,False,,
6AWH,False,,,False,,,False,,,,,,,False,,,,,,,,,,False,1025065,,True,No Style,,Private Call,False,False,,,,,,,False,,
6RED,False,,,False,,,False,,,,,,,False,,,,,,,,,,False,1025066,,True,No Style,,Private Call,False,False,,,,,,,False,,
6ALQ,False,,,False,,,False,,,,,,,False,,,,,,,,,,False,1025069,,True,No Style,,Private Call,False,False,,,,,,,False,,
6VUK,False,,,False,,,False,,,,,,,False,,,,,,,,,,False,1025070,,True,No Style,,Private Call,False,False,,,,,,,False,,
6OON,False,,,False,,,False,,,,,,,False,,,,,,,,,,False,1025076,,True,No Style,,Private Call,False,False,,,,,,,False,,
6AAJ,False,,,False,,,False,,,,,,,False,,,,,,,,,,False,1025077,,True,No Style,,Private Call,False,False,,,,,,,False,,
6BRJ,False,,,False,,,False,,,,,,,False,,,,,,,,,,False,1025079,,True,No Style,,Private Call,False,False,,,,,,,False,,
6IXM,False,,,False,,,False,,,,,,,False,,,,,,,,,,False,1025081,,True,No Style,,Private Call,False,False,,,,,,,False,,
6BTP,False,,,False,,,False,,,,,,,False,,,,,,,,,,False,1025083,,True,No Style,,Private Call,False,False,,,,,,,False,,
6DPD,False,,,False,,,False,,,,,,,False,,,,,,,,,,False,1025084,,True,No Style,,Private Call,False,False,,,,,,,False,,
6BBU,False,,,False,,,False,,,,,,,False,,,,,,,,,,False,1025085,,True,No Style,,Private Call,False,False,,,,,,,False,,
6BFD,False,,,False,,,False,,,,,,,False,,,,,,,,,,False,1025088,,True,No Style,,Private Call,False,False,,,,,,,False,,
6RZL,False,,,False,,,False,,,,,,,False,,,,,,,,,,False,1025089,,True,No Style,,Private Call,False,False,,,,,,,False,,
6HHD,False,,,False,,,False,,,,,,,False,,,,,,,,,,False,1025090,,True,No Style,,Private Call,False,False,,,,,,,False,,
6HZZ,False,,,False,,,False,,,,,,,False,,,,,,,,,,False,1025095,,True,No Style,,Private Call,False,False,,,,,,,False,,
6JNL,False,,,False,,,False,,,,,,,False,,,,,,,,,,False,1025096,,True,No Style,,Private Call,False,False,,,,,,,False,,
6RAM,False,,,False,,,False,,,,,,,False,,,,,,,,,,False,1025097,,True,No Style,,Private Call,False,False,,,,,,,False,,
6EKP,False,,,False,,,False,,,,,,,False,,,,,,,,,,False,1025098,,True,No Style,,Private Call,False,False,,,,,,,False,,
6BNY,False,,,False,,,False,,,,,,,False,,,,,,,,,,False,1025099,,True,No Style,,Private Call,False,False,,,,,,,False,,
6AIV,False,,,False,,,False,,,,,,,False,,,,,,,,,,False,1025100,,True,No Style,,Private Call,False,False,,,,,,,False,,
6VLE,False,,,False,,,False,,,,,,,False,,,,,,,,,,False,1025101,,True,No Style,,Private Call,False,False,,,,,,,False,,
6YAY,False,,,False,,,False,,,,,,,False,,,,,,,,,,False,1025102,,True,No Style,,Private Call,False,False,,,,,,,False,,
6HMY,False,,,False,,,False,,,,,,,False,,,,,,,,,,False,1025103,,True,No Style,,Private Call,False,False,,,,,,,False,,
6CHJ,False,,,False,,,False,,,,,,,False,,,,,,,,,,False,1025104,,True,No Style,,Private Call,False,False,,,,,,,False,,
6SKR,False,,,False,,,False,,,,,,,False,,,,,,,,,,False,1025106,,True,No Style,,Private Call,False,False,,,,,,,False,,
6BRB,False,,,False,,,False,,,,,,,False,,,,,,,,,,False,1025107,,True,No Style,,Private Call,False,False,,,,,,,False,,
6MRK,False,,,False,,,False,,,,,,,False,,,,,,,,,,False,1025108,,True,No Style,,Private Call,False,False,,,,,,,False,,
6AGU,False,,,False,,,False,,,,,,,False,,,,,,,,,,False,1025109,,True,No Style,,Private Call,False,False,,,,,,,False,,
6CNF,False,,,False,,,False,,,,,,,False,,,,,,,,,,False,1025110,,True,No Style,,Private Call,False,False,,,,,,,False,,
6AYV,False,,,False,,,False,,,,,,,False,,,,,,,,,,False,1025111,,True,No Style,,Private Call,False,False,,,,,,,False,,
6NPC,False,,,False,,,False,,,,,,,False,,,,,,,,,,False,1025112,,True,No Style,,Private Call,False,False,,,,,,,False,,
6TIA,False,,,False,,,False,,,,,,,False,,,,,,,,,,False,1025113,,True,No Style,,Private Call,False,False,,,,,,,False,,
6WDY,False,,,False,,,False,,,,,,,False,,,,,,,,,,False,1025114,,True,No Style,,Private Call,False,False,,,,,,,False,,
6SUS,False,,,False,,,False,,,,,,,False,,,,,,,,,,False,1025115,,True,No Style,,Private Call,False,False,,,,,,,False,,
6SAL,False,,,False,,,False,,,,,,,False,,,,,,,,,,False,1025116,,True,No Style,,Private Call,False,False,,,,,,,False,,
6WHY,False,,,False,,,False,,,,,,,False,,,,,,,,,,False,1025117,,True,No Style,,Private Call,False,False,,,,,,,False,,
6ATP,False,,,False,,,False,,,,,,,False,,,,,,,,,,False,1025118,,True,No Style,,Private Call,False,False,,,,,,,False,,
6ASS,False,,,False,,,False,,,,,,,False,,,,,,,,,,False,1025119,,True,No Style,,Private Call,False,False,,,,,,,False,,
6YEM,False,,,False,,,False,,,,,,,False,,,,,,,,,,False,1025120,,True,No Style,,Private Call,False,False,,,,,,,False,,
6RAW,False,,,False,,,False,,,,,,,False,,,,,,,,,,False,1025121,,True,No Style,,Private Call,False,False,,,,,,,False,,
6OLI,False,,,False,,,False,,,,,,,False,,,,,,,,,,False,1025122,,True,No Style,,Private Call,False,False,,,,,,,False,,
6BDX,False,,,False,,,False,,,,,,,False,,,,,,,,,,False,1025123,,True,No Style,,Private Call,False,False,,,,,,,False,,
6SUD,False,,,False,,,False,,,,,,,False,,,,,,,,,,False,1025124,,True,No Style,,Private Call,False,False,,,,,,,False,,
6CIL,False,,,False,,,False,,,,,,,False,,,,,,,,,,False,1025125,,True,No Style,,Private Call,False,False,,,,,,,False,,
6MAO,False,,,False,,,False,,,,,,,False,,,,,,,,,,False,1025126,,True,No Style,,Private Call,False,False,,,,,,,False,,
6HPI,False,,,False,,,False,,,,,,,False,,,,,,,,,,False,1025127,,True,No Style,,Private Call,False,False,,,,,,,False,,
6ART,False,,,False,,,False,,,,,,,False,,,,,,,,,,False,1025128,,True,No Style,,Private Call,False,False,,,,,,,False,,
6AWB,False,,,False,,,False,,,,,,,False,,,,,,,,,,False,1025129,,True,No Style,,Private Call,False,False,,,,,,,False,,
6DVA,False,,,False,,,False,,,,,,,False,,,,,,,,,,False,1025130,,True,No Style,,Private Call,False,False,,,,,,,False,,
6KAF,False,,,False,,,False,,,,,,,False,,,,,,,,,,False,1025131,,True,No Style,,Private Call,False,False,,,,,,,False,,
6AKP,False,,,False,,,False,,,,,,,False,,,,,,,,,,False,1025132,,True,No Style,,Private Call,False,False,,,,,,,False,,
6MDP,False,,,False,,,False,,,,,,,False,,,,,,,,,,False,1025133,,True,No Style,,Private Call,False,False,,,,,,,False,,
6ASD,False,,,False,,,False,,,,,,,False,,,,,,,,,,False,1025134,,True,No Style,,Private Call,False,False,,,,,,,False,,
6ACX,False,,,False,,,False,,,,,,,False,,,,,,,,,,False,1025136,,True,No Style,,Private Call,False,False,,,,,,,False,,
6AKJ,False,,,False,,,False,,,,,,,False,,,,,,,,,,False,1025137,,True,No Style,,Private Call,False,False,,,,,,,False,,
6XNY,False,,,False,,,False,,,,,,,False,,,,,,,,,,False,1025138,,True,No Style,,Private Call,False,False,,,,,,,False,,
6THE,False,,,False,,,False,,,,,,,False,,,,,,,,,,False,1025139,,True,No Style,,Private Call,False,False,,,,,,,False,,
6HXJ,False,,,False,,,False,,,,,,,False,,,,,,,,,,False,1025140,,True,No Style,,Private Call,False,False,,,,,,,False,,
6MHM,False,,,False,,,False,,,,,,,False,,,,,,,,,,False,1025141,,True,No Style,,Private Call,False,False,,,,,,,False,,
6NRH,False,,,False,,,False,,,,,,,False,,,,,,,,,,False,1025142,,True,No Style,,Private Call,False,False,,,,,,,False,,
6TKR,False,,,False,,,False,,,,,,,False,,,,,,,,,,False,1025143,,True,No Style,,Private Call,False,False,,,,,,,False,,
6AMT,False,,,False,,,False,,,,,,,False,,,,,,,,,,False,1025144,,True,No Style,,Private Call,False,False,,,,,,,False,,
6BXR,False,,,False,,,False,,,,,,,False,,,,,,,,,,False,1025145,,True,No Style,,Private Call,False,False,,,,,,,False,,
6HQN,False,,,False,,,False,,,,,,,False,,,,,,,,,,False,1025146,,True,No Style,,Private Call,False,False,,,,,,,False,,
6AXR,False,,,False,,,False,,,,,,,False,,,,,,,,,,False,1025147,,True,No Style,,Private Call,False,False,,,,,,,False,,
6THO,False,,,False,,,False,,,,,,,False,,,,,,,,,,False,1025148,,True,No Style,,Private Call,False,False,,,,,,,False,,
6HRN,False,,,False,,,False,,,,,,,False,,,,,,,,,,False,1025149,,True,No Style,,Private Call,False,False,,,,,,,False,,
6SYP,False,,,False,,,False,,,,,,,False,,,,,,,,,,False,1025150,,True,No Style,,Private Call,False,False,,,,,,,False,,
6DBG,False,,,False,,,False,,,,,,,False,,,,,,,,,,False,1025151,,True,No Style,,Private Call,False,False,,,,,,,False,,
6BCC,False,,,False,,,False,,,,,,,False,,,,,,,,,,False,1025152,,True,No Style,,Private Call,False,False,,,,,,,False,,
6MEG,False,,,False,,,False,,,,,,,False,,,,,,,,,,False,1025153,,True,No Style,,Private Call,False,False,,,,,,,False,,
6DKA,False,,,False,,,False,,,,,,,False,,,,,,,,,,False,1025154,,True,No Style,,Private Call,False,False,,,,,,,False,,
6AMC,False,,,False,,,False,,,,,,,False,,,,,,,,,,False,1025155,,True,No Style,,Private Call,False,False,,,,,,,False,,
6IWB,False,,,False,,,False,,,,,,,False,,,,,,,,,,False,1025156,,True,No Style,,Private Call,False,False,,,,,,,False,,
6AFS,False,,,False,,,False,,,,,,,False,,,,,,,,,,False,1025157,,True,No Style,,Private Call,False,False,,,,,,,False,,
6BDU,False,,,False,,,False,,,,,,,False,,,,,,,,,,False,1025158,,True,No Style,,Private Call,False,False,,,,,,,False,,
6BEY,False,,,False,,,False,,,,,,,False,,,,,,,,,,False,1025159,,True,No Style,,Private Call,False,False,,,,,,,False,,
6AFM,False,,,False,,,False,,,,,,,False,,,,,,,,,,False,1025160,,True,No Style,,Private Call,False,False,,,,,,,False,,
6AHK,False,,,False,,,False,,,,,,,False,,,,,,,,,,False,1025161,,True,No Style,,Private Call,False,False,,,,,,,False,,
6BCE,False,,,False,,,False,,,,,,,False,,,,,,,,,,False,1025162,,True,No Style,,Private Call,False,False,,,,,,,False,,
6TZH,False,,,False,,,False,,,,,,,False,,,,,,,,,,False,1025163,,True,No Style,,Private Call,False,False,,,,,,,False,,
6SFD,False,,,False,,,False,,,,,,,False,,,,,,,,,,False,1025164,,True,No Style,,Private Call,False,False,,,,,,,False,,
6UFZ,False,,,False,,,False,,,,,,,False,,,,,,,,,,False,1025165,,True,No Style,,Private Call,False,False,,,,,,,False,,
6BYQ,False,,,False,,,False,,,,,,,False,,,,,,,,,,False,1025166,,True,No Style,,Private Call,False,False,,,,,,,False,,
6DYS,False,,,False,,,False,,,,,,,False,,,,,,,,,,False,1025167,,True,No Style,,Private Call,False,False,,,,,,,False,,
6BBH,False,,,False,,,False,,,,,,,False,,,,,,,,,,False,1025168,,True,No Style,,Private Call,False,False,,,,,,,False,,
6UEF,False,,,False,,,False,,,,,,,False,,,,,,,,,,False,1025169,,True,No Style,,Private Call,False,False,,,,,,,False,,
6EYS,False,,,False,,,False,,,,,,,False,,,,,,,,,,False,1025170,,True,No Style,,Private Call,False,False,,,,,,,False,,
6YZY,False,,,False,,,False,,,,,,,False,,,,,,,,,,False,1025171,,True,No Style,,Private Call,False,False,,,,,,,False,,
6KHO,False,,,False,,,False,,,,,,,False,,,,,,,,,,False,1025172,,True,No Style,,Private Call,False,False,,,,,,,False,,
6ATO,False,,,False,,,False,,,,,,,False,,,,,,,,,,False,1025173,,True,No Style,,Private Call,False,False,,,,,,,False,,
6MJE,False,,,False,,,False,,,,,,,False,,,,,,,,,,False,1025174,,True,No Style,,Private Call,False,False,,,,,,,False,,
6PAW,False,,,False,,,False,,,,,,,False,,,,,,,,,,False,1025175,,True,No Style,,Private Call,False,False,,,,,,,False,,
6PSY,False,,,False,,,False,,,,,,,False,,,,,,,,,,False,1025176,,True,No Style,,Private Call,False,False,,,,,,,False,,
6YBP,False,,,False,,,False,,,,,,,False,,,,,,,,,,False,1025177,,True,No Style,,Private Call,False,False,,,,,,,False,,
6GDE,False,,,False,,,False,,,,,,,False,,,,,,,,,,False,1025178,,True,No Style,,Private Call,False,False,,,,,,,False,,
6UNO,False,,,False,,,False,,,,,,,False,,,,,,,,,,False,1025179,,True,No Style,,Private Call,False,False,,,,,,,False,,
6NNG,False,,,False,,,False,,,,,,,False,,,,,,,,,,False,1025180,,True,No Style,,Private Call,False,False,,,,,,,False,,
6BCA,False,,,False,,,False,,,,,,,False,,,,,,,,,,False,1025181,,True,No Style,,Private Call,False,False,,,,,,,False,,
6BIN,False,,,False,,,False,,,,,,,False,,,,,,,,,,False,1025182,,True,No Style,,Private Call,False,False,,,,,,,False,,
6ISW,False,,,False,,,False,,,,,,,False,,,,,,,,,,False,1025183,,True,No Style,,Private Call,False,False,,,,,,,False,,
6ADN,False,,,False,,,False,,,,,,,False,,,,,,,,,,False,1025184,,True,No Style,,Private Call,False,False,,,,,,,False,,
6ANR,False,,,False,,,False,,,,,,,False,,,,,,,,,,False,1025185,,True,No Style,,Private Call,False,False,,,,,,,False,,
6VIK,False,,,False,,,False,,,,,,,False,,,,,,,,,,False,1025186,,True,No Style,,Private Call,False,False,,,,,,,False,,
6ABD,False,,,False,,,False,,,,,,,False,,,,,,,,,,False,1025187,,True,No Style,,Private Call,False,False,,,,,,,False,,